Distance,"Avg RDF ('C', 'C')","+sigma ('C', 'C')","-sigma ('C', 'C')","Avg RDF ('C', 'Cr')","+sigma ('C', 'Cr')","-sigma ('C', 'Cr')","Avg RDF ('C', 'Ni')","+sigma ('C', 'Ni')","-sigma ('C', 'Ni')","Avg RDF ('Cr', 'Cr')","+sigma ('Cr', 'Cr')","-sigma ('Cr', 'Cr')","Avg RDF ('Cr', 'Ni')","+sigma ('Cr', 'Ni')","-sigma ('Cr', 'Ni')","Avg RDF ('Ni', 'Ni')","+sigma ('Ni', 'Ni')","-sigma ('Ni', 'Ni')"
0.1375,0.0,0.0,0.0,0.0,0.0,0.0,0.0,0.0,0.0,0.0,0.0,0.0,0.0,0.0,0.0,0.0,0.0,0.0
0.41250000000000003,0.0,0.0,0.0,0.0,0.0,0.0,0.0,0.0,0.0,0.0,0.0,0.0,0.0,0.0,0.0,0.0,0.0,0.0
0.6875,0.0,0.0,0.0,0.0,0.0,0.0,0.0,0.0,0.0,0.0,0.0,0.0,0.0,0.0,0.0,0.0,0.0,0.0
0.9625000000000001,0.0,0.0,0.0,0.0,0.0,0.0,0.0,0.0,0.0,0.0,0.0,0.0,0.0,0.0,0.0,0.0,0.0,0.0
1.2375,0.0,0.0,0.0,0.0,0.0,0.0,0.0,0.0,0.0,0.0,0.0,0.0,0.0,0.0,0.0,0.0,0.0,0.0
1.5125000000000002,0.0,0.0,0.0,0.0,0.0,0.0,0.0,0.0,0.0,0.0,0.0,0.0,0.0,0.0,0.0,0.0,0.0,0.0
1.7875,0.0,0.0,0.0,4.871548005887186,8.296420655600436,1.4466753561739356,3.829000662055399,6.756419825751857,0.901581498358941,0.0,0.0,0.0,0.0,0.0,0.0,0.0,0.0,0.0
2.0625,0.0,0.0,0.0,39.46365485341812,67.95701250619935,10.970297200636892,3.448799443156613,5.754284182957896,1.1433147033553297,0.842684888564548,1.6017716984816905,0.08359807864740565,0.000994948050121249,0.001989896100242498,0.0,0.0002841945571353044,0.0005683891142706088,0.0
2.3375000000000004,0.0,0.0,0.0,1.2404973301190108,1.9422035451820392,0.5387911150559824,0.1895193906128651,0.26361453698018017,0.11542424424555005,8.76087361933399,14.777635669863344,2.7441115688046374,9.00211206679704,14.795756621021972,3.2084675125721063,11.285676918877629,19.233678663789973,3.337675173965283
2.6125,4.918307972049776,7.869292755279642,1.9673231888199103,0.015408232995143408,0.030816465990286816,0.0,0.18476415753513603,0.2110861790579303,0.15844213601234175,7.100665288311946,12.370878837351217,1.8304517392726751,8.71245401479909,14.225372936512695,3.1995350930854842,7.369616234618896,12.185017632314,2.5542148369237907

Species,SRO,SRO+std,SRO-std
C-C,-0.33286146042548903,0.4668554158298044,-1.1325783366807824
C-Cr,-6.561407818752846,-1.162976931392242,-11.95983870611345
C-Ni,-0.16032698442951737,0.6242940849807346,-0.9449480538397694
Cr-Cr,-2.967803614695421,-0.10565270706491248,-5.82995452232593
Cr-Ni,-3.3147015027259794,-0.5636477528952533,-6.065755252556706
Ni-Ni,-3.446205919858321,-0.4165637913171252,-6.475848048399516
