Interstitial Type,Content (at%),Excess Energy (eV/atom)
C,0,1.916656495654601
C,1,1.8491783308274046
C,2,1.7899212454043576
C,4,1.659267545155124
C,6,1.5358898437567006
C,8,1.4117805918471986
C,10,1.2883995851129613
C,12,0.6649093614690152
