Distance,"Avg RDF ('Cr', 'Cr')","Avg RDF ('Cr', 'Fe')"
0.17857142857142858,0.0,0.0
0.5357142857142857,0.0,0.0
0.8928571428571428,0.0,0.0
1.25,0.0,0.0
1.6071428571428572,0.0,0.0
1.9642857142857144,0.0,0.0
2.321428571428571,3.8761360087007306,3.0312668799938445

Species,SRO
Cr-Cr,-0.4351873851457513,-0.34313345182200217,-0.5272413184695004
Cr-Fe,-0.12236412174699188,-0.07721454039466918,-0.16751370309931457
