Distance,"Avg RDF ('Cr', 'Fe')","Avg RDF ('Fe', 'Fe')"
0.17857142857142858,0.0,0.0
0.5357142857142857,0.0,0.0
0.8928571428571428,0.0,0.0
1.25,0.0,0.0
1.6071428571428572,0.0,0.0
1.9642857142857144,0.0,0.0
2.321428571428571,3.0312668799938445,3.313436159855146

Species,SRO
Cr-Fe,-0.12236412174699188,-0.07721454039466918,-0.16751370309931457
Fe-Fe,-0.2268407938822258,-0.21282891485580924,-0.24085267290864237
