Distance,"Avg RDF ('B', 'B')","Avg RDF ('B', 'Cr')","Avg RDF ('B', 'Fe')"
0.17857142857142858,0.0,0.0,0.0
0.5357142857142857,0.0,0.0,0.0
0.8928571428571428,0.0,0.0,0.0
1.25,0.0,0.0,0.0
1.6071428571428572,10.774598468191165,0.0,0.0
1.9642857142857144,2.7778973227373687,2.156241659736433,2.9897119935960936
2.321428571428571,0.3980923722348039,3.7635189074139834,0.9351023951973778

Species,SRO
B-B,-1.80057403557604,-1.80057403557604,-1.80057403557604
B-Cr,-0.9655536218005576,-0.9655536218005576,-0.9655536218005576
B-Fe,-0.13942214462773017,-0.13942214462773017,-0.13942214462773017
