Interstitial Type,Ref. Compound,Content (at%),Excess Energy (meV/atom),Sigma Excess (meV/atom)
H,CrC,1,-3.4765709436551724,1.2082492265434925
H,FeH,1,-3.89240570048482,1.2082492265434925
H,MoH,1,-14.035294444858064,1.2082492265434925
H,NbH,1,0.030705551148306354,1.2082492265434925
H,NiH,1,-2.9172410461714344,1.2082492265434925
H,TiH,1,4.228854474351239,1.2082492265434925
H,CrC,2,-2.8193327240177957,2.0919586183325256
H,FeH,2,-3.597665884076915,2.0919586183325256
H,MoH,2,-22.58248261446452,2.0919586183325256
H,NbH,2,3.7453652781739595,2.0919586183325256
H,NiH,2,-1.7724144482508393,2.0919586183325256
H,TiH,2,11.603194533976044,2.0919586183325256
H,CrC,4,0.16369740473857375,1.0620632030725061
H,FeH,4,-1.4066685568149935,1.0620632030725061
H,MoH,4,-39.71045864262942,1.0620632030725061
H,NbH,4,13.40864034117662,1.0620632030725061
H,NiH,4,2.275961033167156,1.0620632030725061
H,TiH,4,29.26260651945689,1.0620632030725061
H,CrC,6,1.639761056356129,1.3812730846985346
H,FeH,6,-0.6500539146577801,1.3812730846985346
H,MoH,6,-56.5023801445908,1.3812730846985346
H,NbH,6,20.95275520459713,1.3812730846985346
H,NiH,6,4.719739225469641,1.3812730846985346
H,TiH,6,44.07007307428663,1.3812730846985346
H,CrC,8,3.4732153463920272,1.1451006433547177
H,FeH,8,0.49016922907068683,1.1451006433547177
H,MoH,8,-72.27119665098306,1.1451006433547177
H,NbH,8,28.633131294644627,1.1451006433547177
H,NiH,8,7.485643003260915,1.1451006433547177
H,TiH,8,58.74911279839299,1.1451006433547177
H,CrC,10,5.139915131738768,0.93908417301297
H,FeH,10,1.4884482459778108,0.93908417301297
H,MoH,10,-87.57679165461336,0.93908417301297
H,NbH,10,35.93749462610785,0.93908417301297
H,NiH,10,10.05142039995914,0.93908417301297
H,TiH,10,72.80166127595929,0.93908417301297
H,CrC,20,9.433700598219104,0.8770037389094107
H,FeH,20,2.704555897777192,0.8770037389094107
H,MoH,20,-161.43027150755307,0.8770037389094107
H,NbH,20,66.1893484856802,0.8770037389094107
H,NiH,20,18.484920472543745,0.8770037389094107
H,TiH,20,134.12487122460834,0.8770037389094107
