Structure Type,Structure 1,Structure 2,Structure 3,Structure 4,Structure 5,Average,STD
OTHER,2.430555555555556,2.5462962962962963,2.314814814814815,3.2407407407407405,2.430555555555556,2.5925925925925926,0.33223842811128046
FCC,76.85185185185185,77.08333333333334,78.93518518518519,79.05092592592592,78.24074074074075,78.03240740740742,0.9154499969113513
HCP,17.01388888888889,15.856481481481483,14.814814814814813,13.88888888888889,16.087962962962962,15.532407407407408,1.07930955804396
BCC,3.7037037037037033,4.513888888888888,3.935185185185185,3.8194444444444446,3.2407407407407405,3.8425925925925926,0.41018623024697565
