Structure Type,Structure 1,Average,STD
OTHER,0.4010695187165776,0.4010695187165776,0.0
FCC,37.5668449197861,37.5668449197861,0.0
HCP,55.3475935828877,55.3475935828877,0.0
BCC,6.684491978609626,6.684491978609626,0.0
