Structure Type,Structure 1,Structure 2,Structure 3,Structure 4,Structure 5,Structure 6,Average,STD
OTHER,6.828703703703703,7.523148148148148,6.712962962962964,6.597222222222222,5.092592592592593,7.87037037037037,6.770833333333333,0.8782833671166829
FCC,15.50925925925926,21.296296296296298,15.50925925925926,21.52777777777778,14.23611111111111,18.63425925925926,17.785493827160494,2.8870813169552023
HCP,65.39351851851852,60.416666666666664,65.04629629629629,59.375,65.625,62.268518518518526,63.020833333333336,2.488425925925925
BCC,12.268518518518519,10.76388888888889,12.731481481481483,12.5,15.046296296296296,11.226851851851851,12.42283950617284,1.3656535509589396
